<PAMDataset>
  <Metadata domain="IMAGE_STRUCTURE">
    <MDI key="COMPRESSION">JPEG</MDI>
    <MDI key="INTERLEAVE">PIXEL</MDI>
    <MDI key="SOURCE_COLOR_SPACE">YCbCr</MDI>
  </Metadata>
  <PAMRasterBand band="1">
    <Metadata domain="IMAGE_STRUCTURE">
      <MDI key="COMPRESSION">JPEG</MDI>
    </Metadata>
    <Metadata>
      <MDI key="STATISTICS_MAXIMUM">42</MDI>
      <MDI key="STATISTICS_MEAN">31.0595703125</MDI>
      <MDI key="STATISTICS_MINIMUM">28</MDI>
      <MDI key="STATISTICS_STDDEV">1.3554599552804</MDI>
      <MDI key="STATISTICS_VALID_PERCENT">100</MDI>
    </Metadata>
  </PAMRasterBand>
  <PAMRasterBand band="2">
    <Metadata domain="IMAGE_STRUCTURE">
      <MDI key="COMPRESSION">JPEG</MDI>
    </Metadata>
    <Metadata>
      <MDI key="STATISTICS_MAXIMUM">64</MDI>
      <MDI key="STATISTICS_MEAN">53.0205078125</MDI>
      <MDI key="STATISTICS_MINIMUM">50</MDI>
      <MDI key="STATISTICS_STDDEV">1.3815784875013</MDI>
      <MDI key="STATISTICS_VALID_PERCENT">100</MDI>
    </Metadata>
  </PAMRasterBand>
  <PAMRasterBand band="3">
    <Metadata domain="IMAGE_STRUCTURE">
      <MDI key="COMPRESSION">JPEG</MDI>
    </Metadata>
    <Metadata>
      <MDI key="STATISTICS_MAXIMUM">88</MDI>
      <MDI key="STATISTICS_MEAN">76.9892578125</MDI>
      <MDI key="STATISTICS_MINIMUM">72</MDI>
      <MDI key="STATISTICS_STDDEV">1.3023723230734</MDI>
      <MDI key="STATISTICS_VALID_PERCENT">100</MDI>
    </Metadata>
  </PAMRasterBand>
</PAMDataset>
